policy,hour,charging_mw,requests_per_day,lost_rate,lbmp_usd_mwh
orchestrated,0,1.9719108232201197,640.1428571428572,0.09620825421862578,29.715714285714284
orchestrated,1,2.3889474929767682,450.2857142857143,0.18722242470389808,27.798571428571428
orchestrated,2,2.3939259173244176,309.61904761904765,0.14516225255604037,26.164285714285715
orchestrated,3,2.02154368904939,186.33333333333334,0.0020784619381657575,26.005714285714284
orchestrated,4,1.5580973839860992,111.28571428571429,0.0,26.395714285714288
orchestrated,5,1.0531030526003056,114.04761904761904,0.00041152263374485596,29.275714285714287
orchestrated,6,0.5584273105272555,271.3333333333333,0.0,36.074285714285715
orchestrated,7,0.3600251995788836,600.1428571428572,0.0007148236854446038,37.66285714285714
orchestrated,8,0.3739427890436817,862.9047619047619,0.002762740087142086,33.73428571428571
orchestrated,9,0.15348742663356482,924.7619047619047,0.002822515698505128,31.164285714285715
orchestrated,10,0.14481332940658656,937.7142857142857,0.0027859997088018514,29.642857142857142
orchestrated,11,0.0931129007242701,1024.6666666666667,0.0067843458853473785,29.47142857142857
orchestrated,12,0.03136250213048996,1118.5238095238094,0.015306263165089826,29.41428571428571
orchestrated,13,0.05354577327161076,1164.952380952381,0.005526366375599435,29.632857142857144
orchestrated,14,0.012222658740395022,1213.095238095238,0.015015110697107223,29.705714285714286
orchestrated,15,0.0,1247.7142857142856,0.03222946799126358,31.108571428571427
orchestrated,16,0.0,1250.4285714285713,0.011746091432760378,33.715714285714284
orchestrated,17,0.0,1409.857142857143,0.05154439449893977,39.01428571428572
orchestrated,18,0.015397813300345368,1475.0952380952378,0.06969626568541869,43.220000000000006
orchestrated,19,0.21709035022550105,1359.3809523809525,0.09638008085111405,48.277142857142856
orchestrated,20,0.325951325394467,1211.142857142857,0.008091181704290436,48.76714285714286
orchestrated,21,0.32596280766025326,1285.5714285714287,0.02718889359099191,38.78142857142858
orchestrated,22,0.5021340091275026,1211.6666666666667,0.06027179334640554,33.80714285714286
orchestrated,23,1.3632669423352783,903.8095238095239,0.08501723842434938,30.372857142857146
queue_aware,0,0.22214752638730917,640.1428571428572,0.11713687557150904,29.715714285714284
queue_aware,1,0.2806653796709233,450.2857142857143,0.1235649835854901,27.798571428571428
queue_aware,2,0.33826879603184695,309.61904761904765,0.07810765975297722,26.164285714285715
queue_aware,3,0.33216942939965083,186.33333333333334,0.011310993019070362,26.005714285714284
queue_aware,4,0.22200403633626978,111.28571428571429,0.0,26.395714285714288
queue_aware,5,0.14634911457499147,114.04761904761904,0.0,29.275714285714287
queue_aware,6,0.12587219198725383,271.3333333333333,0.0,36.074285714285715
queue_aware,7,0.17987044471491917,600.1428571428572,0.0004748930457298207,37.66285714285714
queue_aware,8,0.2323867946777385,862.9047619047619,0.0026497343547011204,33.73428571428571
queue_aware,9,0.3089731876195004,924.7619047619047,0.0032896515323243627,31.164285714285715
queue_aware,10,0.36253653923332285,937.7142857142857,0.003250120685394233,29.642857142857142
queue_aware,11,0.3903738157130092,1024.6666666666667,0.01606051148165288,29.47142857142857
queue_aware,12,0.6830781790749162,1118.5238095238094,0.04438625777542682,29.41428571428571
queue_aware,13,0.9553243590214775,1164.952380952381,0.05587253605150044,29.632857142857144
queue_aware,14,1.0463403053615095,1213.095238095238,0.06265659526582401,29.705714285714286
queue_aware,15,1.2144821985366676,1247.7142857142856,0.08382513162181714,31.108571428571427
queue_aware,16,1.4955675983584673,1250.4285714285713,0.07554903944031338,33.715714285714284
queue_aware,17,1.7047667117924057,1409.857142857143,0.12274067757069436,39.01428571428572
queue_aware,18,1.7491713065598429,1475.0952380952378,0.1469045388209409,43.220000000000006
queue_aware,19,1.2406773941892517,1359.3809523809525,0.13452444117248022,48.277142857142856
queue_aware,20,0.7372846329333699,1211.142857142857,0.0258785915017524,48.76714285714286
queue_aware,21,0.48804500577894183,1285.5714285714287,0.03674872684095381,38.78142857142858
queue_aware,22,0.3865263623049962,1211.6666666666667,0.08938359137196505,33.80714285714286
queue_aware,23,0.2831371989062225,903.8095238095239,0.1213655841929983,30.372857142857146
threshold_100,0,0.838801597866071,640.1428571428572,0.16118317769480925,29.715714285714284
threshold_100,1,0.5802330516266024,450.2857142857143,0.15113751141360446,27.798571428571428
threshold_100,2,0.38074888006020496,309.61904761904765,0.08517903146670625,26.164285714285715
threshold_100,3,0.3337717664579339,186.33333333333334,0.008007487008357201,26.005714285714284
threshold_100,4,0.2480465148233518,111.28571428571429,0.0,26.395714285714288
threshold_100,5,0.23645506617701093,114.04761904761904,0.0,29.275714285714287
threshold_100,6,0.24190605177906832,271.3333333333333,0.0,36.074285714285715
threshold_100,7,0.3224959714389894,600.1428571428572,0.00047706809818830333,37.66285714285714
threshold_100,8,0.4842592126041363,862.9047619047619,0.005564404747215615,33.73428571428571
threshold_100,9,0.5013996648970578,924.7619047619047,0.014158509888780167,31.164285714285715
threshold_100,10,0.5534303730123362,937.7142857142857,0.014093877760097758,29.642857142857142
threshold_100,11,0.5325032234207816,1024.6666666666667,0.026663049891081193,29.47142857142857
threshold_100,12,0.5640679528308973,1118.5238095238094,0.042417264908834774,29.41428571428571
threshold_100,13,0.5980066341190979,1164.952380952381,0.05132041028528459,29.632857142857144
threshold_100,14,0.6124188595694292,1213.095238095238,0.06674017107761714,29.705714285714286
threshold_100,15,0.6735148654639275,1247.7142857142856,0.0830060570096137,31.108571428571427
threshold_100,16,0.7678252586621545,1250.4285714285713,0.07594089063461958,33.715714285714284
threshold_100,17,0.772063327009796,1409.857142857143,0.11939652551521616,39.01428571428572
threshold_100,18,0.8294463246074343,1475.0952380952378,0.14350888516562912,43.220000000000006
threshold_100,19,0.809214152729778,1359.3809523809525,0.15442187237119523,48.277142857142856
threshold_100,20,0.7699843334577077,1211.142857142857,0.04681472032795849,48.76714285714286
threshold_100,21,0.8883311064170245,1285.5714285714287,0.07405643637566252,38.78142857142858
threshold_100,22,0.9081393791382911,1211.6666666666667,0.13009838909660887,33.80714285714286
threshold_100,23,0.880283067456659,903.8095238095239,0.16231425182723916,30.372857142857146
threshold_80,0,0.23583469111463493,640.1428571428572,0.11167028481094649,29.715714285714284
threshold_80,1,0.25655408290045495,450.2857142857143,0.1163008355361117,27.798571428571428
threshold_80,2,0.3013218255338093,309.61904761904765,0.07677471854936062,26.164285714285715
threshold_80,3,0.36924941022625873,186.33333333333334,0.010559933943044391,26.005714285714284
threshold_80,4,0.2482597709192277,111.28571428571429,0.0,26.395714285714288
threshold_80,5,0.14984149054008555,114.04761904761904,0.0,29.275714285714287
threshold_80,6,0.12777195169377603,271.3333333333333,0.0,36.074285714285715
threshold_80,7,0.1556149941102141,600.1428571428572,0.0004739619853160664,37.66285714285714
threshold_80,8,0.2105059760765875,862.9047619047619,0.0030346726299595446,33.73428571428571
threshold_80,9,0.2771939936265215,924.7619047619047,0.003287127433256268,31.164285714285715
threshold_80,10,0.34133542767044545,937.7142857142857,0.0034591585523027248,29.642857142857142
threshold_80,11,0.4386993114593048,1024.6666666666667,0.017858797038034373,29.47142857142857
threshold_80,12,0.7079007636401032,1118.5238095238094,0.0454570810230496,29.41428571428571
threshold_80,13,0.9580773935199501,1164.952380952381,0.05474614806188683,29.632857142857144
threshold_80,14,1.0689487771108783,1213.095238095238,0.061397243849180404,29.705714285714286
threshold_80,15,1.248830664297634,1247.7142857142856,0.08187308003002636,31.108571428571427
threshold_80,16,1.3326884048394183,1250.4285714285713,0.07069101150958741,33.715714285714284
threshold_80,17,1.602508783394087,1409.857142857143,0.12456479032292223,39.01428571428572
threshold_80,18,1.6834761624456913,1475.0952380952378,0.1529333712321794,43.220000000000006
threshold_80,19,1.343566180598426,1359.3809523809525,0.13495820098847058,48.277142857142856
threshold_80,20,0.8128109990743391,1211.142857142857,0.026320186626545134,48.76714285714286
threshold_80,21,0.5648693525653409,1285.5714285714287,0.0400153126124348,38.78142857142858
threshold_80,22,0.41722014818668146,1211.6666666666667,0.08650999647767095,33.80714285714286
threshold_80,23,0.2768045153015139,903.8095238095239,0.12061538281682167,30.372857142857146
