label,policy,metric,n_seeds,baseline_mean,diff_mean,ci95_low,ci95_high,rel_diff
E0_validation,orchestrated,service_rate,3,0.9739793744055514,0.006776859621556645,0.004196486656505497,0.009357232586607794,0.006957908760329513
E0_validation,orchestrated,wait_mean_min,3,6.3328177509148,-0.3636852279369653,-0.4252641626389275,-0.30210629323500304,-0.057428658496358836
E0_validation,orchestrated,wait_p95_min,3,9.67821857868233,-0.14774425273695732,-0.1625148395014759,-0.13297366597243873,-0.015265645380482036
E0_validation,orchestrated,queue_wait_mean_min,3,11.361029356454381,-1.0009226612903321,-17.383349203137403,15.381503880556739,-0.08810140612141734
E0_validation,orchestrated,energy_cost_usd_per_day,3,798.4561113586974,-176.95414881092373,-207.37696441310047,-146.531333208747,-0.22162038250268845
E0_validation,orchestrated,avg_price_usd_mwh,3,51.10022400443332,-11.990786456023669,-13.064991184558185,-10.916581727489152,-0.23465232667049324
E0_validation,orchestrated,peak_charging_mw,3,3.1807483435288346,0.6535454722356063,0.5991536483413958,0.7079372961298168,0.20546909143731248
E0_validation,orchestrated,empty_km_share,3,0.3161693115887823,0.015031249010626265,0.01354746095430063,0.016515037066951902,0.04754177100583463
E0_validation,orchestrated,sessions_per_vehicle_day,3,1.059047619047619,0.5043290043290043,0.4872293796218816,0.521428629036127,0.4762099411379987
E0_validation,orchestrated,grid_mwh_per_day,3,15.625213892139142,0.2661481138713893,-0.07152916359593442,0.603825391338713,0.0170332461180122
E0_validation,queue_aware,service_rate,3,0.9739793744055514,-0.00045784547743465964,-0.0027663530811405106,0.0018506621262711913,-0.00047007717972887914
E0_validation,queue_aware,wait_mean_min,3,6.3328177509148,0.009188844421553396,-0.05082259500066217,0.06920028384376896,0.0014509882935168996
E0_validation,queue_aware,wait_p95_min,3,9.67821857868233,-0.005555268900093798,-0.023712474413482544,0.01260193661329495,-0.0005739970486231917
E0_validation,queue_aware,queue_wait_mean_min,3,11.361029356454381,-2.3063360851948875,-3.8066673424011883,-0.806004827988587,-0.203004148025075
E0_validation,queue_aware,energy_cost_usd_per_day,3,798.4561113586974,1.1944837442261285,-7.868457319077371,10.257424807529627,0.0014959917360937076
E0_validation,queue_aware,avg_price_usd_mwh,3,51.10022400443332,0.030723674367384508,-0.34556695620111194,0.4070143049358809,0.0006012434380858879
E0_validation,queue_aware,peak_charging_mw,3,3.1807483435288346,-0.021141240890573343,-0.08361959455574564,0.04133711277459894,-0.006646624821352105
E0_validation,queue_aware,empty_km_share,3,0.3161693115887823,0.0008421976085995116,-9.412325565582615e-06,0.001693807542764606,0.0026637550759350576
E0_validation,queue_aware,sessions_per_vehicle_day,3,1.059047619047619,-7.401486830834377e-17,-0.003924784361853455,0.0039247843618533075,-6.988814003935338e-17
E0_validation,queue_aware,grid_mwh_per_day,3,15.625213892139142,0.013919010498401127,-0.048281868369003694,0.07611988936580595,0.0008908044775888549
E0_validation,threshold_100,service_rate,3,0.9739793744055514,-0.021816375775334313,-0.033408532405478295,-0.010224219145190332,-0.02239921742557382
E0_validation,threshold_100,wait_mean_min,3,6.3328177509148,0.20931485534166536,0.14821450214516516,0.27041520853816553,0.03305240472322593
E0_validation,threshold_100,wait_p95_min,3,9.67821857868233,0.07775889968121952,0.036551279032413606,0.11896652033002543,0.008034422765827453
E0_validation,threshold_100,queue_wait_mean_min,3,11.361029356454381,30.851352900719707,15.94093231994309,45.76177348149632,2.7155420457735695
E0_validation,threshold_100,energy_cost_usd_per_day,3,798.4561113586974,-83.53461814780322,-94.21160485432242,-72.85763144128401,-0.10462017505966115
E0_validation,threshold_100,avg_price_usd_mwh,3,51.10022400443332,-3.02173721960938,-3.3203261526505017,-2.723148286568258,-0.05913354155447972
E0_validation,threshold_100,peak_charging_mw,3,3.1807483435288346,-0.924573751799521,-1.1227493836226812,-0.7263981199763607,-0.29067805809929814
E0_validation,threshold_100,empty_km_share,3,0.3161693115887823,-0.002912000525979841,-0.0032822556789221624,-0.0025417453730375195,-0.009210256717664178
E0_validation,threshold_100,sessions_per_vehicle_day,3,1.059047619047619,-0.29645021645021646,-0.3046203066115229,-0.28828012628891003,-0.2799215173315893
E0_validation,threshold_100,grid_mwh_per_day,3,15.625213892139142,-0.7555746898033343,-0.9926105242910872,-0.5185388553155814,-0.048356118195825464
E1_main,orchestrated,service_rate,10,0.9274449435783186,0.033818503212414974,0.029843982602115352,0.0377930238227146,0.036464162586228116
E1_main,orchestrated,wait_mean_min,10,6.889814850031632,-0.48852883958591314,-0.5402939409977019,-0.4367637381741244,-0.07090594598252088
E1_main,orchestrated,wait_p95_min,10,9.825174845676885,-0.09124647110286936,-0.09919681623981423,-0.08329612596592449,-0.009287007359774179
E1_main,orchestrated,queue_wait_mean_min,10,4.959285027382075,12.589348796995969,11.846614825724666,13.332082768267272,2.5385410855567785
E1_main,orchestrated,energy_cost_usd_per_day,10,538.4036560390198,-81.26289212077037,-91.50995575474298,-71.01582848679777,-0.15093302433830613
E1_main,orchestrated,avg_price_usd_mwh,10,35.61742577968559,-6.8361106665224325,-7.520249208020148,-6.151972125024717,-0.19193163225236257
E1_main,orchestrated,peak_charging_mw,10,3.1212957620483848,0.4885412715460543,0.4043411644147932,0.5727413786773154,0.1565187373417775
E1_main,orchestrated,empty_km_share,10,0.31399666752952904,0.013217826166968243,0.012766048141997636,0.01366960419193885,0.042095434550193774
E1_main,orchestrated,sessions_per_vehicle_day,10,1.0281558441558443,0.33441558441558444,0.3243000476317066,0.3445311211994623,0.3252576798706548
E1_main,orchestrated,grid_mwh_per_day,10,15.117008157385266,0.7661048188362629,0.6751728134291624,0.8570368242433635,0.05067833600804071
E1_main,queue_aware,service_rate,10,0.9274449435783186,0.0014537917822138424,-0.0012724521738889671,0.004180035738316652,0.0015675235411869773
E1_main,queue_aware,wait_mean_min,10,6.889814850031632,-0.014456937631283662,-0.035524925559130796,0.00661105029656347,-0.0020983056796101407
E1_main,queue_aware,wait_p95_min,10,9.825174845676885,-0.0026132133087253704,-0.006219975886492221,0.0009935492690414803,-0.0002659711760626015
E1_main,queue_aware,queue_wait_mean_min,10,4.959285027382075,-2.701568450069667,-3.2723107741855437,-2.13082612595379,-0.5447495828840837
E1_main,queue_aware,energy_cost_usd_per_day,10,538.4036560390198,-3.8338457825125376,-7.498226233370532,-0.16946533165454358,-0.007120764763593446
E1_main,queue_aware,avg_price_usd_mwh,10,35.61742577968559,-0.2885860095084027,-0.48199933418839497,-0.0951726848284104,-0.008102382561094513
E1_main,queue_aware,peak_charging_mw,10,3.1212957620483848,0.005387354144413603,-0.046602783374328695,0.0573774916631559,0.0017259992500288062
E1_main,queue_aware,empty_km_share,10,0.31399666752952904,0.0004210334233942292,9.597233256528363e-05,0.0007460945142231748,0.001340885005904192
E1_main,queue_aware,sessions_per_vehicle_day,10,1.0281558441558443,0.0008051948051948088,-0.0024994660500364746,0.004109855660426092,0.0007831447049312887
E1_main,queue_aware,grid_mwh_per_day,10,15.117008157385266,0.014417610484800747,-0.03339701865343894,0.06223223962304043,0.0009537343854482982
E1_main,threshold_100,service_rate,10,0.9274449435783186,-0.011760325465549148,-0.014458667704608758,-0.009061983226489538,-0.012680348895078148
E1_main,threshold_100,wait_mean_min,10,6.889814850031632,0.10594540792793224,0.0732447240215013,0.13864609183436316,0.015377105224742843
E1_main,threshold_100,wait_p95_min,10,9.825174845676885,0.01180755869370458,0.008409586822641002,0.015205530564768156,0.0012017657577768146
E1_main,threshold_100,queue_wait_mean_min,10,4.959285027382075,21.59289800048481,16.656633433539504,26.529162567430113,4.354034479015082
E1_main,threshold_100,energy_cost_usd_per_day,10,538.4036560390198,-53.615409084291684,-64.05633181380095,-43.174486354782424,-0.09958217869234902
E1_main,threshold_100,avg_price_usd_mwh,10,35.61742577968559,-1.6919619823771703,-2.424685516959803,-0.9592384477945374,-0.04750376944260192
E1_main,threshold_100,peak_charging_mw,10,3.1212957620483848,-0.9350146377795119,-1.0102510334437935,-0.8597782421152302,-0.2995597691023994
E1_main,threshold_100,empty_km_share,10,0.31399666752952904,-0.0034358863167824882,-0.0038590562262439836,-0.003012716407320993,-0.010942429242372036
E1_main,threshold_100,sessions_per_vehicle_day,10,1.0281558441558443,-0.29054545454545455,-0.29627856958299964,-0.28481233950790946,-0.2825889248181083
E1_main,threshold_100,grid_mwh_per_day,10,15.117008157385266,-0.8273044071047518,-0.926907281529209,-0.7277015326802947,-0.05472672889314943
E2_chargers_24,orchestrated,service_rate,4,0.9229047793824852,0.03835959944626724,0.03537658257220536,0.041342616320329116,0.04156398395935669
E2_chargers_24,orchestrated,wait_mean_min,4,6.920976106096431,-0.4969770800123652,-0.5618586508657843,-0.432095509158946,-0.07180736826624738
E2_chargers_24,orchestrated,wait_p95_min,4,9.829890975806496,-0.09413538836435764,-0.10940055908737725,-0.07887021764133803,-0.009576442769919357
E2_chargers_24,orchestrated,queue_wait_mean_min,4,17.85803968138688,5.618963549954148,3.2719415541963524,7.965985545711943,0.3146461565885473
E2_chargers_24,orchestrated,energy_cost_usd_per_day,4,544.4318262644707,-45.95453559064609,-52.8509018023435,-39.058169378948676,-0.08440824612689446
E2_chargers_24,orchestrated,avg_price_usd_mwh,4,36.48434666407162,-5.074403634660576,-5.742024105362888,-4.406783163958264,-0.1390844046457231
E2_chargers_24,orchestrated,peak_charging_mw,4,2.1825240945904842,0.2113138750204795,0.1150218407713984,0.30760590926956055,0.09682086696968592
E2_chargers_24,orchestrated,empty_km_share,4,0.3140302298251262,0.00916111060163148,0.00787072262779219,0.010451498575470772,0.029172702916954913
E2_chargers_24,orchestrated,sessions_per_vehicle_day,4,1.013896103896104,0.21428571428571425,0.20185446847723523,0.22671696009419326,0.21134878954784161
E2_chargers_24,orchestrated,grid_mwh_per_day,4,14.923283665714937,0.9467022872310511,0.7482487439096437,1.1451558305524585,0.06343793419983194
E2_chargers_24,queue_aware,service_rate,4,0.9229047793824852,-0.0008947577072243584,-0.0032683986157707747,0.0014788832013220578,-0.0009695016508886649
E2_chargers_24,queue_aware,wait_mean_min,4,6.920976106096431,-0.013934537722655849,-0.045053044332683354,0.017183968887371653,-0.002013377522049445
E2_chargers_24,queue_aware,wait_p95_min,4,9.829890975806496,-0.0010034285262618958,-0.0076375408657287066,0.005630683813204915,-0.00010207931387352638
E2_chargers_24,queue_aware,queue_wait_mean_min,4,17.85803968138688,-1.555260258418064,-4.669375932932987,1.5588554160968595,-0.08709020061362525
E2_chargers_24,queue_aware,energy_cost_usd_per_day,4,544.4318262644707,3.48656122709545,-0.5261646179406636,7.499287072131564,0.006404036389676033
E2_chargers_24,queue_aware,avg_price_usd_mwh,4,36.48434666407162,0.2644927842810265,-0.20162254830380816,0.7306081168658611,0.007249486655642619
E2_chargers_24,queue_aware,peak_charging_mw,4,2.1825240945904842,-0.0018765357935643934,-0.15790321123929457,0.15415013965216579,-0.0008598007225741512
E2_chargers_24,queue_aware,empty_km_share,4,0.3140302298251262,0.0012600891367468975,0.0008354608737558859,0.001684717399737909,0.004012636418629514
E2_chargers_24,queue_aware,sessions_per_vehicle_day,4,1.013896103896104,-0.0037012987012987886,-0.010308790377488853,0.0029061929748912755,-0.003650570001280987
E2_chargers_24,queue_aware,grid_mwh_per_day,4,14.923283665714937,-0.013052500891394647,-0.10722542027831557,0.08112041849552627,-0.0008746400044235395
E2_chargers_30,orchestrated,service_rate,4,0.9270862766575377,0.03507658835220093,0.029491584808811463,0.04066159189559039,0.03783530102361562
E2_chargers_30,orchestrated,wait_mean_min,4,6.898781105485105,-0.49098771392462415,-0.6266007997912872,-0.35537462805796105,-0.07117021201531501
E2_chargers_30,orchestrated,wait_p95_min,4,9.825672925166812,-0.09293588422301768,-0.12579349936695858,-0.0600782690790768,-0.009458475254654368
E2_chargers_30,orchestrated,queue_wait_mean_min,4,12.325323292379004,7.561185559026254,3.42385656060752,11.698514557444987,0.6134675237039411
E2_chargers_30,orchestrated,energy_cost_usd_per_day,4,545.8803108163561,-69.00932966498581,-85.614480054731,-52.40417927524062,-0.12641842597653571
E2_chargers_30,orchestrated,avg_price_usd_mwh,4,36.27972740129508,-6.388269737341601,-7.8296860042805845,-4.946853470402618,-0.17608373036214048
E2_chargers_30,orchestrated,peak_charging_mw,4,2.6794646883341695,0.3286433090204731,0.20160100522404847,0.4556856128168978,0.1226525993984237
E2_chargers_30,orchestrated,empty_km_share,4,0.31429454220112596,0.011414805233585734,0.009757522381429391,0.013072088085742077,0.036318814681424144
E2_chargers_30,orchestrated,sessions_per_vehicle_day,4,1.0224025974025974,0.27006493506493506,0.26317067048493364,0.2769591996449365,0.26414734836456016
E2_chargers_30,orchestrated,grid_mwh_per_day,4,15.04849877086356,0.9049179879527753,0.7143600292997303,1.0954759466058204,0.0601334393371417
E2_chargers_30,queue_aware,service_rate,4,0.9270862766575377,0.0015836962497083051,-0.0007853882609291977,0.003952780760345808,0.001708251205505997
E2_chargers_30,queue_aware,wait_mean_min,4,6.898781105485105,-0.03479860913770305,-0.08760516541301985,0.01800794713761375,-0.005044167745811686
E2_chargers_30,queue_aware,wait_p95_min,4,9.825672925166812,-0.005722079526311763,-0.009497224897645285,-0.0019469341549782407,-0.000582360065299509
E2_chargers_30,queue_aware,queue_wait_mean_min,4,12.325323292379004,-4.584891330751422,-7.708544650768108,-1.4612380107347356,-0.37198953909682453
E2_chargers_30,queue_aware,energy_cost_usd_per_day,4,545.8803108163561,4.567513880838874,-7.019549041142881,16.15457680282063,0.008367244229798695
E2_chargers_30,queue_aware,avg_price_usd_mwh,4,36.27972740129508,0.22931699465241273,-0.7021250892615549,1.1607590785663804,0.006320802582552669
E2_chargers_30,queue_aware,peak_charging_mw,4,2.6794646883341695,-0.01686507363835621,-0.1518265214600976,0.11809637418338517,-0.00629419514718116
E2_chargers_30,queue_aware,empty_km_share,4,0.31429454220112596,0.0012556836810246608,0.0001005727759487928,0.0024107945861005287,0.003995244945173478
E2_chargers_30,queue_aware,sessions_per_vehicle_day,4,1.0224025974025974,0.001038961038961006,-0.006868023733693806,0.008945945811615818,0.0010161956176563665
E2_chargers_30,queue_aware,grid_mwh_per_day,4,15.04849877086356,0.02946690643587102,-0.0811937068158357,0.14012751968757775,0.0019581293047598834
E2_chargers_36,orchestrated,service_rate,4,0.9313891544515414,0.030997329678217472,0.025876729729018177,0.03611792962741677,0.03328075008181793
E2_chargers_36,orchestrated,wait_mean_min,4,6.852702700580162,-0.4683003501627514,-0.6275307920677603,-0.3090699082577425,-0.06833805151405507
E2_chargers_36,orchestrated,wait_p95_min,4,9.818309850400546,-0.09101066156197746,-0.11674709865994429,-0.06527422446401063,-0.009269483541331159
E2_chargers_36,orchestrated,queue_wait_mean_min,4,5.500699172452984,12.416656509765113,9.918625984255339,14.914687035274888,2.257286959437199
E2_chargers_36,orchestrated,energy_cost_usd_per_day,4,543.8175957055702,-84.35496986376711,-105.63732653971024,-63.072613187823976,-0.15511629364313173
E2_chargers_36,orchestrated,avg_price_usd_mwh,4,35.97968421738328,-7.125806499265012,-8.87927677763027,-5.372336220899754,-0.19805083491595069
E2_chargers_36,orchestrated,peak_charging_mw,4,3.1787944150559393,0.40360287641171655,0.2965226266288996,0.5106831261945335,0.12696727869537738
E2_chargers_36,orchestrated,empty_km_share,4,0.3145290441975091,0.012956432883194369,0.011796288639241165,0.014116577127147572,0.04119312070607493
E2_chargers_36,orchestrated,sessions_per_vehicle_day,4,1.0282467532467532,0.3350649350649352,0.3097552935657447,0.36037457656412564,0.32586043574360607
E2_chargers_36,orchestrated,grid_mwh_per_day,4,15.116730308354933,0.8069428609142641,0.5548581316283141,1.0590275902002142,0.053380780397218
E2_chargers_36,queue_aware,service_rate,4,0.9313891544515414,-0.00028398098640738945,-0.0010100538994092943,0.00044209192659451534,-0.00030490046512793545
E2_chargers_36,queue_aware,wait_mean_min,4,6.852702700580162,-0.012924748784046258,-0.04839643792280138,0.02254694035470886,-0.00188608047784592
E2_chargers_36,queue_aware,wait_p95_min,4,9.818309850400546,-0.0022704560247008843,-0.0053365711163793645,0.000795659066977596,-0.00023124713512766754
E2_chargers_36,queue_aware,queue_wait_mean_min,4,5.500699172452984,-2.2768654843694502,-3.542904106702469,-1.0108268620364311,-0.4139229237933591
E2_chargers_36,queue_aware,energy_cost_usd_per_day,4,543.8175957055702,-1.8637146300145844,-7.136779849572958,3.4093505895437897,-0.0034270951229456417
E2_chargers_36,queue_aware,avg_price_usd_mwh,4,35.97968421738328,-0.11697764016899015,-0.49146939645504256,0.25751411611706226,-0.003251213642182924
E2_chargers_36,queue_aware,peak_charging_mw,4,3.1787944150559393,-0.03366849258632243,-0.14281704039913856,0.07548005522649369,-0.010591591713781824
E2_chargers_36,queue_aware,empty_km_share,4,0.3145290441975091,0.000488357348025284,-0.00025192139238699887,0.0012286360884375667,0.0015526621691528718
E2_chargers_36,queue_aware,sessions_per_vehicle_day,4,1.0282467532467532,-0.0009090909090908594,-0.0019492182988757258,0.0001310364806940069,-0.0008841174613198128
E2_chargers_36,queue_aware,grid_mwh_per_day,4,15.116730308354933,-0.0033376161232339108,-0.020854706845529106,0.014179474599061284,-0.00022078955271096084
E2_chargers_48,orchestrated,service_rate,4,0.9346343594504049,0.02816804164236758,0.02552179566882846,0.0308142876159067,0.030138033507489816
E2_chargers_48,orchestrated,wait_mean_min,4,6.84343974312867,-0.4663261291583267,-0.5903429725420499,-0.34230928577460357,-0.06814206695201099
E2_chargers_48,orchestrated,wait_p95_min,4,9.815741966796631,-0.08769679389246487,-0.11546570169383173,-0.05992788609109802,-0.008934301063446224
E2_chargers_48,orchestrated,queue_wait_mean_min,4,1.1207560598806938,9.233116082322981,7.464004949610368,11.002227215035594,8.23829235713065
E2_chargers_48,orchestrated,energy_cost_usd_per_day,4,534.3042317842301,-82.95002587905874,-107.88584694606664,-58.01420481205085,-0.15524867845807505
E2_chargers_48,orchestrated,avg_price_usd_mwh,4,35.169327893901226,-6.5849015836047435,-8.37363932899678,-4.796163838212706,-0.1872342173688978
E2_chargers_48,orchestrated,peak_charging_mw,4,4.006259142089867,0.9341046062454992,0.5148648422771391,1.3533443702138592,0.2331613041282754
E2_chargers_48,orchestrated,empty_km_share,4,0.3146457044673175,0.015257870339249135,0.013604445733714983,0.016911294944783287,0.04849222513645974
E2_chargers_48,orchestrated,sessions_per_vehicle_day,4,1.0342207792207794,0.4828571428571428,0.4592396321673541,0.5064746535469316,0.46688014064167754
E2_chargers_48,orchestrated,grid_mwh_per_day,4,15.193261370890877,0.5969422253048027,0.41777537283664123,0.7761090777729641,0.039289933262683034
E2_chargers_48,queue_aware,service_rate,4,0.9346343594504049,-0.001043644757474843,-0.0043480892702554615,0.0022607997553057754,-0.0011166342719184216
E2_chargers_48,queue_aware,wait_mean_min,4,6.84343974312867,-0.010015620677625625,-0.043503092516966456,0.023471851161715206,-0.0014635360364913075
E2_chargers_48,queue_aware,wait_p95_min,4,9.815741966796631,-0.0013113804348905411,-0.006760607245135811,0.004137846375354729,-0.00013359972575955053
E2_chargers_48,queue_aware,queue_wait_mean_min,4,1.1207560598806938,-0.5742068908095236,-1.4951565615085989,0.3467427798895517,-0.5123388678091545
E2_chargers_48,queue_aware,energy_cost_usd_per_day,4,534.3042317842301,-0.13538853130683037,-7.627780037972837,7.357002975359176,-0.0002533922122509125
E2_chargers_48,queue_aware,avg_price_usd_mwh,4,35.169327893901226,0.034000902187276694,-0.4948683000510834,0.5628701044256368,0.0009667771385865138
E2_chargers_48,queue_aware,peak_charging_mw,4,4.006259142089867,0.050436061839157165,-0.10450941257608404,0.20538153625439837,0.012589315880561627
E2_chargers_48,queue_aware,empty_km_share,4,0.3146457044673175,7.475434861577146e-05,-0.0005977124869322127,0.0007472211841637556,0.00023758261293389517
E2_chargers_48,queue_aware,sessions_per_vehicle_day,4,1.0342207792207794,-0.0016233766233766933,-0.007876673773928838,0.004629920527175451,-0.0015696615809632118
E2_chargers_48,queue_aware,grid_mwh_per_day,4,15.193261370890877,-0.019091871256817772,-0.11058063623758865,0.07239689372395311,-0.0012566012517494323
E2_chargers_72,orchestrated,service_rate,4,0.9340625515003074,0.029435383139770482,0.02511914360302483,0.03375162267651613,0.03151328901098847
E2_chargers_72,orchestrated,wait_mean_min,4,6.8364425122232335,-0.46272841018038435,-0.5568256463645547,-0.36863117399621403,-0.06768555566042543
E2_chargers_72,orchestrated,wait_p95_min,4,9.813128186798581,-0.09020839226472166,-0.11424527652175742,-0.0661715080076859,-0.009192623447646117
E2_chargers_72,orchestrated,queue_wait_mean_min,4,0.049521004564144815,3.517115464226854,3.058886785543125,3.9753441429105827,71.02270026996557
E2_chargers_72,orchestrated,energy_cost_usd_per_day,4,531.8698277575219,-75.93937136972558,-92.80247546694906,-59.076267272502086,-0.142778114881798
E2_chargers_72,orchestrated,avg_price_usd_mwh,4,35.064857923819304,-5.998650820150216,-7.1161694014166255,-4.881132238883806,-0.17107301085270835
E2_chargers_72,orchestrated,peak_charging_mw,4,4.413938856797667,2.7917519220992206,1.834174148492476,3.749329695705965,0.6324854087636024
E2_chargers_72,orchestrated,empty_km_share,4,0.3143961827964742,0.015836269057895397,0.01513002297297026,0.016542515142820534,0.05037042408414697
E2_chargers_72,orchestrated,sessions_per_vehicle_day,4,1.032857142857143,0.5625324675324676,0.5209884901019963,0.6040764449629388,0.5446372438073682
E2_chargers_72,orchestrated,grid_mwh_per_day,4,15.168536845765198,0.5173957973765546,0.502744344353889,0.5320472503992202,0.03410980258923278
E2_chargers_72,queue_aware,service_rate,4,0.9340625515003074,0.0014628166344113624,-0.0006595976792851681,0.003585230948107893,0.0015660799504934237
E2_chargers_72,queue_aware,wait_mean_min,4,6.8364425122232335,-0.020348889245684454,-0.07874423282990625,0.038046454338537344,-0.0029765319037352556
E2_chargers_72,queue_aware,wait_p95_min,4,9.813128186798581,-0.0007341374440934523,-0.009584925964885735,0.00811665107669883,-7.481176543490727e-05
E2_chargers_72,queue_aware,queue_wait_mean_min,4,0.049521004564144815,-0.02473910799262142,-0.11320127228010021,0.06372305629485739,-0.49956797545527826
E2_chargers_72,queue_aware,energy_cost_usd_per_day,4,531.8698277575219,1.5528248998030563,-3.5532930522185096,6.658942851824622,0.0029195581677383385
E2_chargers_72,queue_aware,avg_price_usd_mwh,4,35.064857923819304,0.031160453182819126,-0.26334071676941045,0.3256616231350487,0.0008886519161297402
E2_chargers_72,queue_aware,peak_charging_mw,4,4.413938856797667,0.23959154677036043,-0.3716186692985879,0.8508017628393088,0.05428066734576047
E2_chargers_72,queue_aware,empty_km_share,4,0.3143961827964742,0.00011866506785876418,-0.0002690314852043779,0.0005063616209219062,0.0003774380045052346
E2_chargers_72,queue_aware,sessions_per_vehicle_day,4,1.032857142857143,0.0020129870129869665,-0.00023500059695432578,0.004260974622928258,0.0019489500817301195
E2_chargers_72,queue_aware,grid_mwh_per_day,4,15.168536845765198,0.03068112250702182,-0.003948919059174348,0.06531116407321799,0.0020226817404334864
E3_fleet_450,orchestrated,service_rate,4,0.8648003913190025,0.032448052537350724,0.01814151746078809,0.04675458761391336,0.03752085783386455
E3_fleet_450,orchestrated,wait_mean_min,4,7.4593252882078955,-0.2563275583191267,-0.3097915642168598,-0.2028635524213935,-0.034363370467881744
E3_fleet_450,orchestrated,wait_p95_min,4,9.881608396169218,-0.02368427202380774,-0.030114973389840812,-0.017253570657774667,-0.0023968033415480592
E3_fleet_450,orchestrated,queue_wait_mean_min,4,4.160626170206351,7.731499490818664,4.943313840321416,10.519685141315913,1.8582538239515067
E3_fleet_450,orchestrated,energy_cost_usd_per_day,4,431.0417779603807,-24.50845811495492,-26.12494457215353,-22.891971657756308,-0.05685866050136704
E3_fleet_450,orchestrated,avg_price_usd_mwh,4,32.30069707563783,-3.4265485473795056,-3.7555357434321435,-3.097561351326868,-0.10608280494243306
E3_fleet_450,orchestrated,peak_charging_mw,4,3.1812263294185565,0.4175053443795028,0.20131954387343057,0.6336911448855751,0.13124037749801087
E3_fleet_450,orchestrated,empty_km_share,4,0.30927412814590194,0.017514001156746534,0.015091788449644247,0.01993621386384882,0.056629376862988676
E3_fleet_450,orchestrated,sessions_per_vehicle_day,4,1.1082539682539683,0.4306349206349205,0.41164189981448074,0.4496279414553602,0.38857061014036076
E3_fleet_450,orchestrated,grid_mwh_per_day,4,13.345056697850499,0.7344259951203056,0.5741286221937164,0.8947233680468948,0.05503356124658506
E3_fleet_500,orchestrated,service_rate,4,0.9027957665508608,0.03323934322188821,0.02574595828619859,0.04073272815757782,0.036818231158614545
E3_fleet_500,orchestrated,wait_mean_min,4,7.192720476719676,-0.3972996842820584,-0.4932062922682643,-0.30139307629585255,-0.05523635814404004
E3_fleet_500,orchestrated,wait_p95_min,4,9.857101491451498,-0.04626320090758451,-0.05883053821940279,-0.033695863595766234,-0.004693387903909272
E3_fleet_500,orchestrated,queue_wait_mean_min,4,5.381169792398572,8.114477273547234,7.042813973132168,9.186140573962298,1.5079392746554336
E3_fleet_500,orchestrated,energy_cost_usd_per_day,4,459.75487134522996,-26.54694442053959,-35.59056750317919,-17.50332133789999,-0.05774151852456499
E3_fleet_500,orchestrated,avg_price_usd_mwh,4,31.998626391219535,-3.105844535278144,-3.4983302785472215,-2.7133587920090663,-0.09706180813218881
E3_fleet_500,orchestrated,peak_charging_mw,4,3.1117582586935075,0.5444349665670032,0.2862538308088959,0.8026161023251105,0.17496055969193053
E3_fleet_500,orchestrated,empty_km_share,4,0.31308511002296074,0.013906885705015151,0.013524630673632571,0.014289140736397732,0.04441886649925722
E3_fleet_500,orchestrated,sessions_per_vehicle_day,4,1.0740714285714286,0.3114999999999999,0.29061521545131164,0.33238478454868814,0.29001795570925043
E3_fleet_500,orchestrated,grid_mwh_per_day,4,14.368013553661836,0.6255442839902838,0.4541258667429311,0.7969627012376366,0.043537283818253183
E3_fleet_550,orchestrated,service_rate,4,0.9313891544515414,0.030997329678217472,0.025876729729018177,0.03611792962741677,0.03328075008181793
E3_fleet_550,orchestrated,wait_mean_min,4,6.852702700580162,-0.4683003501627514,-0.6275307920677603,-0.3090699082577425,-0.06833805151405507
E3_fleet_550,orchestrated,wait_p95_min,4,9.818309850400546,-0.09101066156197746,-0.11674709865994429,-0.06527422446401063,-0.009269483541331159
E3_fleet_550,orchestrated,queue_wait_mean_min,4,5.500699172452984,12.416656509765113,9.918625984255339,14.914687035274888,2.257286959437199
E3_fleet_550,orchestrated,energy_cost_usd_per_day,4,543.8175957055702,-84.35496986376711,-105.63732653971024,-63.072613187823976,-0.15511629364313173
E3_fleet_550,orchestrated,avg_price_usd_mwh,4,35.97968421738328,-7.125806499265012,-8.87927677763027,-5.372336220899754,-0.19805083491595069
E3_fleet_550,orchestrated,peak_charging_mw,4,3.1787944150559393,0.40360287641171655,0.2965226266288996,0.5106831261945335,0.12696727869537738
E3_fleet_550,orchestrated,empty_km_share,4,0.3145290441975091,0.012956432883194369,0.011796288639241165,0.014116577127147572,0.04119312070607493
E3_fleet_550,orchestrated,sessions_per_vehicle_day,4,1.0282467532467532,0.3350649350649352,0.3097552935657447,0.36037457656412564,0.32586043574360607
E3_fleet_550,orchestrated,grid_mwh_per_day,4,15.116730308354933,0.8069428609142641,0.5548581316283141,1.0590275902002142,0.053380780397218
E3_fleet_600,orchestrated,service_rate,4,0.9567530567645863,0.021120806830661892,0.018637160165929922,0.023604453495393862,0.022075504939681388
E3_fleet_600,orchestrated,wait_mean_min,4,6.558839301402651,-0.5509735985619357,-0.6113281031328247,-0.49061909399104675,-0.08400474127245447
E3_fleet_600,orchestrated,wait_p95_min,4,9.761113775721501,-0.164785493146701,-0.19841723588009785,-0.13115375041330413,-0.01688183305029868
E3_fleet_600,orchestrated,queue_wait_mean_min,4,11.869871452471042,6.644180678976362,0.7541116620977766,12.534249695854946,0.5597516961814436
E3_fleet_600,orchestrated,energy_cost_usd_per_day,4,581.9282366116657,-110.8888819780452,-126.94671406413767,-94.83104989195274,-0.1905542212966097
E3_fleet_600,orchestrated,avg_price_usd_mwh,4,37.268583499543034,-8.345368088204843,-9.235163913386465,-7.455572263023221,-0.2239250141692981
E3_fleet_600,orchestrated,peak_charging_mw,4,3.2058276062368334,0.52523207889529,0.42029536356056074,0.6301687942300193,0.16383665730292798
E3_fleet_600,orchestrated,empty_km_share,4,0.3149944191087898,0.011501809200663654,0.009946641750062027,0.013056976651265281,0.0365143269306345
E3_fleet_600,orchestrated,sessions_per_vehicle_day,4,0.9735714285714286,0.35005952380952376,0.32880631935577614,0.3713127282632714,0.3595622401565174
E3_fleet_600,orchestrated,grid_mwh_per_day,4,15.614047603936335,0.6717933227812662,0.6175342895966373,0.7260523559658952,0.043024931127525555
E3_fleet_650,orchestrated,service_rate,4,0.9747717013758908,0.012674212130504708,0.008274303271788686,0.01707412098922073,0.013002236434044044
E3_fleet_650,orchestrated,wait_mean_min,4,6.130808435833845,-0.4343335749624553,-0.4991419952775059,-0.36952515464740465,-0.07084442117353192
E3_fleet_650,orchestrated,wait_p95_min,4,9.6377251991982,-0.27872027428206536,-0.34490094078911393,-0.2125396077750168,-0.028919715858390854
E3_fleet_650,orchestrated,queue_wait_mean_min,4,26.42220076795248,-17.506742764579233,-19.970339360294776,-15.04314616886369,-0.6625770093236587
E3_fleet_650,orchestrated,energy_cost_usd_per_day,4,561.0908450901217,-58.75776604714001,-75.91290188868818,-41.602630205591836,-0.10472059303997808
E3_fleet_650,orchestrated,avg_price_usd_mwh,4,34.0072613661023,-4.628846366699049,-5.681145948666495,-3.5765467847316037,-0.13611347049877362
E3_fleet_650,orchestrated,peak_charging_mw,4,3.167184768436861,0.5226400174138788,0.36798625713944055,0.677293777688317,0.16501721737940273
E3_fleet_650,orchestrated,empty_km_share,4,0.3137481739324034,0.013481010983696834,0.012672406880939518,0.01428961508645415,0.042967615762446794
E3_fleet_650,orchestrated,sessions_per_vehicle_day,4,0.9475274725274725,0.42521978021978024,0.39177157032396803,0.45866799011559245,0.4487677587706582
E3_fleet_650,orchestrated,grid_mwh_per_day,4,16.499193620783338,0.5995335397287045,0.5280623882549171,0.6710046912024918,0.03633714189361942
E4_cold_minus5C,orchestrated,service_rate,4,0.922198872480026,0.01711203127402794,0.011695537491040273,0.022528525057015605,0.018555684445817375
E4_cold_minus5C,orchestrated,wait_mean_min,4,6.8877279338356745,-0.48340129178907265,-0.5704171909504436,-0.39638539262770167,-0.07018298289837845
E4_cold_minus5C,orchestrated,wait_p95_min,4,9.828238905306891,-0.08577344936393239,-0.1011446672581867,-0.07040223146967807,-0.008727245052785382
E4_cold_minus5C,orchestrated,queue_wait_mean_min,4,16.674470640419578,-3.8575755709042197,-6.73751419994321,-0.9776369418652289,-0.23134620906964828
E4_cold_minus5C,orchestrated,energy_cost_usd_per_day,4,883.8095617943886,39.85271564826775,30.322647051034913,49.38278424550058,0.04509197158645266
E4_cold_minus5C,orchestrated,avg_price_usd_mwh,4,33.98571698177379,0.6538585795698975,0.3259982459576883,0.9817189131821067,0.019239216872210037
E4_cold_minus5C,orchestrated,peak_charging_mw,4,3.211149335826232,0.36676829143728706,0.23660137963287148,0.49693520324170265,0.11421713943519142
E4_cold_minus5C,orchestrated,empty_km_share,4,0.31750815628206497,0.01722657652629407,0.015683074777742535,0.018770078274845607,0.054255540166314606
E4_cold_minus5C,orchestrated,sessions_per_vehicle_day,4,1.7355194805194807,0.549155844155844,0.5334018488196521,0.5649098394920358,0.31642159613873594
E4_cold_minus5C,orchestrated,grid_mwh_per_day,4,26.00513094751567,0.6598961810652719,0.5685880793955485,0.7512042827349954,0.025375614619941506
E4_cold_minus5C,queue_aware,service_rate,4,0.922198872480026,-0.00022223243750643662,-0.0028644663178347724,0.002420001442821899,-0.00024098103363409825
E4_cold_minus5C,queue_aware,wait_mean_min,4,6.8877279338356745,-0.025526499430574168,-0.0515638787628612,0.0005108799017128664,-0.0037060841653132537
E4_cold_minus5C,queue_aware,wait_p95_min,4,9.828238905306891,-0.003238138565877957,-0.008300730276988091,0.0018244531452321763,-0.00032947291952065594
E4_cold_minus5C,queue_aware,queue_wait_mean_min,4,16.674470640419578,-3.403803824852869,-4.309121628327332,-2.4984860213784064,-0.20413264674213485
E4_cold_minus5C,queue_aware,energy_cost_usd_per_day,4,883.8095617943886,0.34737275322586925,-5.969580124875304,6.664325631327043,0.0003930402750119633
E4_cold_minus5C,queue_aware,avg_price_usd_mwh,4,33.98571698177379,-0.06620319796237872,-0.18553611803455294,0.05312972210979551,-0.0019479712020753557
E4_cold_minus5C,queue_aware,peak_charging_mw,4,3.211149335826232,0.032882451980400074,-0.04790564505113026,0.11367054901193041,0.010240088062406909
E4_cold_minus5C,queue_aware,empty_km_share,4,0.31750815628206497,0.002275423676319624,0.0014599262766206468,0.003090921076018601,0.007166504643421519
E4_cold_minus5C,queue_aware,sessions_per_vehicle_day,4,1.7355194805194807,-0.0005194805194806418,-0.007882029661862074,0.006843068622900791,-0.00029932278220533103
E4_cold_minus5C,queue_aware,grid_mwh_per_day,4,26.00513094751567,0.06062679866047027,-0.05220064422922016,0.1734542415501607,0.0023313398722286413
E4_cold_minus5C,threshold_100,service_rate,4,0.922198872480026,-0.030661841079912905,-0.04439476727463165,-0.016928914885194157,-0.0332486213060047
E4_cold_minus5C,threshold_100,wait_mean_min,4,6.8877279338356745,0.2871697469602086,0.2197195616524228,0.3546199322679944,0.04169295734657277
E4_cold_minus5C,threshold_100,wait_p95_min,4,9.828238905306891,0.031733365831388305,0.023239149869631062,0.04022758179314555,0.00322879471461092
E4_cold_minus5C,threshold_100,queue_wait_mean_min,4,16.674470640419578,30.330042640959405,27.80238246665482,32.85770281526399,1.8189508557733869
E4_cold_minus5C,threshold_100,energy_cost_usd_per_day,4,883.8095617943886,-45.29206199516162,-58.26396528725159,-32.32015870307165,-0.05124640414978726
E4_cold_minus5C,threshold_100,avg_price_usd_mwh,4,33.98571698177379,0.10083094439415596,-0.19925301421587926,0.4009149030041912,0.0029668623571552314
E4_cold_minus5C,threshold_100,peak_charging_mw,4,3.211149335826232,-0.9303104346742561,-1.0532933254495456,-0.8073275438989665,-0.2897126036135863
E4_cold_minus5C,threshold_100,empty_km_share,4,0.31750815628206497,-0.003001274944664789,-0.004026347905825136,-0.0019762019835044423,-0.009452591643027098
E4_cold_minus5C,threshold_100,sessions_per_vehicle_day,4,1.7355194805194807,-0.49227272727272736,-0.5146812510902585,-0.46986420345519614,-0.2836457514872601
E4_cold_minus5C,threshold_100,grid_mwh_per_day,4,26.00513094751567,-1.4055769155744962,-1.8360675330356633,-0.975086298113329,-0.05404998415163813
E4_demand_plus20pct,orchestrated,service_rate,4,0.8692151926580153,0.03918996496691676,0.03394462919446297,0.044435300739370555,0.04508660835422799
E4_demand_plus20pct,orchestrated,wait_mean_min,4,7.471261152693344,-0.2930486829768122,-0.347795596580182,-0.23830176937344238,-0.03922345598522813
E4_demand_plus20pct,orchestrated,wait_p95_min,4,9.888696877707128,-0.0283040288196994,-0.035480618715191294,-0.021127438924207508,-0.002862260737661745
E4_demand_plus20pct,orchestrated,queue_wait_mean_min,4,9.050422506849996,8.461031413664942,5.811980985083956,11.110081842245929,0.9348769526793959
E4_demand_plus20pct,orchestrated,energy_cost_usd_per_day,4,517.4692401931511,-15.730956723836059,-17.20894187421247,-14.252971573459646,-0.03039979094789152
E4_demand_plus20pct,orchestrated,avg_price_usd_mwh,4,32.09815133816413,-2.756515804635181,-3.1241144226597477,-2.3889171866106143,-0.08587771225808051
E4_demand_plus20pct,orchestrated,peak_charging_mw,4,3.1558928472956413,0.5122516969292096,0.35643916597031433,0.6680642278881048,0.1623159345755893
E4_demand_plus20pct,orchestrated,empty_km_share,4,0.3076968662354651,0.016497599190873624,0.015591586668108724,0.017403611713638526,0.05361640302910603
E4_demand_plus20pct,orchestrated,sessions_per_vehicle_day,4,1.0945454545454545,0.3503246753246753,0.3317815361619866,0.36886781448736405,0.3200640721404841
E4_demand_plus20pct,orchestrated,grid_mwh_per_day,4,16.121454225207124,0.9782977125739016,0.7739045548281827,1.1826908703196206,0.06068296934678873
E4_demand_plus20pct,queue_aware,service_rate,4,0.8692151926580153,0.002398366348130676,-0.000814851739827763,0.0056115844360891155,0.002759231969699696
E4_demand_plus20pct,queue_aware,wait_mean_min,4,7.471261152693344,-0.0050133173849638,-0.022683898400219435,0.012657263630291835,-0.0006710135387459358
E4_demand_plus20pct,queue_aware,wait_p95_min,4,9.888696877707128,-0.001104596934225821,-0.0031309244313172226,0.0009217305628655805,-0.00011170298249469062
E4_demand_plus20pct,queue_aware,queue_wait_mean_min,4,9.050422506849996,-2.7621743661372973,-4.646106426411004,-0.8782423058635911,-0.3051983886991673
E4_demand_plus20pct,queue_aware,energy_cost_usd_per_day,4,517.4692401931511,4.245599118527537,1.2939533958095728,7.1972448412455,0.008204543939544735
E4_demand_plus20pct,queue_aware,avg_price_usd_mwh,4,32.09815133816413,0.17685486417975138,0.04148707015644809,0.31222265820305467,0.005509814640616829
E4_demand_plus20pct,queue_aware,peak_charging_mw,4,3.1558928472956413,0.038759454990086484,-0.07153838305158312,0.14905729303175608,0.012281613117283234
E4_demand_plus20pct,queue_aware,empty_km_share,4,0.3076968662354651,0.0008167124960152539,0.00053987333092624,0.0010935516611042676,0.0026542762882422874
E4_demand_plus20pct,queue_aware,sessions_per_vehicle_day,4,1.0945454545454545,0.0020779220779220675,-0.0036886291690572948,0.00784447332490143,0.0018984337921214903
E4_demand_plus20pct,queue_aware,grid_mwh_per_day,4,16.121454225207124,0.04329937943528073,-0.033446338380043336,0.12004509725060479,0.002685823426994498
E4_demand_plus20pct,threshold_100,service_rate,4,0.8692151926580153,-0.007718984490613923,-0.01698451103676411,0.0015465420555362645,-0.00888040678052309
E4_demand_plus20pct,threshold_100,wait_mean_min,4,7.471261152693344,0.030525945760703665,-0.0057488385001484635,0.06680073002155579,0.004085782190828552
E4_demand_plus20pct,threshold_100,wait_p95_min,4,9.888696877707128,0.0006770842759151741,-0.003990987092837761,0.005345155644668109,6.847052592355002e-05
E4_demand_plus20pct,threshold_100,queue_wait_mean_min,4,9.050422506849996,12.885387552200342,5.206794731349867,20.563980373050818,1.4237332613419733
E4_demand_plus20pct,threshold_100,energy_cost_usd_per_day,4,517.4692401931511,24.855360267966233,14.521151835771965,35.1895687001605,0.048032536694719664
E4_demand_plus20pct,threshold_100,avg_price_usd_mwh,4,32.09815133816413,1.6994234692829977,1.4406587077316715,1.958188230834324,0.052944590215774
E4_demand_plus20pct,threshold_100,peak_charging_mw,4,3.1558928472956413,-1.0361827094699825,-1.2301357110210034,-0.8422297079189617,-0.32833266514669907
E4_demand_plus20pct,threshold_100,empty_km_share,4,0.3076968662354651,-0.0011994046890730359,-0.0019701576496176884,-0.0004286517285283835,-0.0038980074894724185
E4_demand_plus20pct,threshold_100,sessions_per_vehicle_day,4,1.0945454545454545,-0.267987012987013,-0.2768602394539801,-0.2591137865200459,-0.24483863312766968
E4_demand_plus20pct,threshold_100,grid_mwh_per_day,4,16.121454225207124,-0.07509820896864516,-0.26220648312570427,0.11201006518841394,-0.004658277592056391
E4_outage_biggest_depot,orchestrated,service_rate,4,0.9276088027434316,0.03501406880147595,0.03181311405267016,0.03821502355028174,0.03774658961614073
E4_outage_biggest_depot,orchestrated,wait_mean_min,4,6.882702661377063,-0.4941854297290962,-0.6296654133230394,-0.358705446135153,-0.07180107205593297
E4_outage_biggest_depot,orchestrated,wait_p95_min,4,9.82351894461095,-0.09424297758513189,-0.12445631616988098,-0.0640296390003828,-0.009593606742809034
E4_outage_biggest_depot,orchestrated,queue_wait_mean_min,4,6.661478575930392,11.25120001653507,7.817262430516102,14.685137602554036,1.6889944009110083
E4_outage_biggest_depot,orchestrated,energy_cost_usd_per_day,4,540.6502835754194,-81.32404113308948,-99.92088009125027,-62.72720217492869,-0.15041893734944278
E4_outage_biggest_depot,orchestrated,avg_price_usd_mwh,4,35.934697654637006,-7.084474092383854,-8.756093282898613,-5.412854901869095,-0.1971485654470137
E4_outage_biggest_depot,orchestrated,peak_charging_mw,4,3.156204887708371,0.4144059047988605,0.2872672477277163,0.5415445618700048,0.13129879698644933
E4_outage_biggest_depot,orchestrated,empty_km_share,4,0.3145041432291803,0.012779793377956178,0.0114973348173973,0.014062251938515055,0.04063473773903035
E4_outage_biggest_depot,orchestrated,sessions_per_vehicle_day,4,1.0238961038961039,0.3372077922077922,0.3100565244074103,0.36435906000817403,0.329337899543379
E4_outage_biggest_depot,orchestrated,grid_mwh_per_day,4,15.047395562642922,0.8735949198011248,0.6730816380510808,1.074108201551169,0.05805622083664336
E4_outage_biggest_depot,queue_aware,service_rate,4,0.9276088027434316,0.003767506551340921,0.0022660916039662264,0.005268921498715616,0.004061525225071608
E4_outage_biggest_depot,queue_aware,wait_mean_min,4,6.882702661377063,-0.04828155079185881,-0.09164230371350267,-0.004920797870214946,-0.007014911607731552
E4_outage_biggest_depot,queue_aware,wait_p95_min,4,9.82351894461095,-0.007450638239205887,-0.012778043281821368,-0.002123233196590405,-0.0007584490121325828
E4_outage_biggest_depot,queue_aware,queue_wait_mean_min,4,6.661478575930392,-2.405088837141772,-3.043288345865955,-1.7668893284175893,-0.3610442951557281
E4_outage_biggest_depot,queue_aware,energy_cost_usd_per_day,4,540.6502835754194,2.5068772395735266,-5.1932170235856585,10.206971502732712,0.004636781512431822
E4_outage_biggest_depot,queue_aware,avg_price_usd_mwh,4,35.934697654637006,-0.03890873945042017,-0.3831831279518961,0.30536564905105573,-0.0010827623992934693
E4_outage_biggest_depot,queue_aware,peak_charging_mw,4,3.156204887708371,0.009163658984116085,-0.14042099447912962,0.1587483124473618,0.0029033789979235323
E4_outage_biggest_depot,queue_aware,empty_km_share,4,0.3145041432291803,0.0008616302753253618,0.00014745382107014967,0.001575806729580574,0.002739646818253484
E4_outage_biggest_depot,queue_aware,sessions_per_vehicle_day,4,1.0238961038961039,0.0050649350649351055,0.00099435569836489,0.009135514431505322,0.004946727549467315
E4_outage_biggest_depot,queue_aware,grid_mwh_per_day,4,15.047395562642922,0.08553032584357911,0.009732916938198985,0.16132773474895923,0.005684061769195398
E4_outage_biggest_depot,threshold_100,service_rate,4,0.9276088027434316,-0.00656688083111584,-0.009458410118917633,-0.003675351543314046,-0.007079364503327359
E4_outage_biggest_depot,threshold_100,wait_mean_min,4,6.882702661377063,0.08228042982156536,0.040987284031928334,0.12357357561120239,0.011954668662833536
E4_outage_biggest_depot,threshold_100,wait_p95_min,4,9.82351894461095,0.0069113832887346405,-0.0024710805040840597,0.01629384708155334,0.0007035547371266722
E4_outage_biggest_depot,threshold_100,queue_wait_mean_min,4,6.661478575930392,23.736697524560075,15.871504276171013,31.601890772949137,3.56327761982554
E4_outage_biggest_depot,threshold_100,energy_cost_usd_per_day,4,540.6502835754194,-54.674502245067416,-69.38152320801134,-39.96748128212349,-0.10112729782271622
E4_outage_biggest_depot,threshold_100,avg_price_usd_mwh,4,35.934697654637006,-1.9287342730820765,-3.5743526723648875,-0.2831158737992656,-0.05367331295281381
E4_outage_biggest_depot,threshold_100,peak_charging_mw,4,3.156204887708371,-1.009629703079642,-1.0771615248858843,-0.9420978812733996,-0.3198872503529721
E4_outage_biggest_depot,threshold_100,empty_km_share,4,0.3145041432291803,-0.0031430183464463968,-0.0040980671320013816,-0.0021879695608914124,-0.009993567379352673
E4_outage_biggest_depot,threshold_100,sessions_per_vehicle_day,4,1.0238961038961039,-0.28662337662337656,-0.30341019761417903,-0.2698365556325741,-0.2799340436326737
E4_outage_biggest_depot,threshold_100,grid_mwh_per_day,4,15.047395562642922,-0.7564913574205714,-1.0478364714151236,-0.46514624342601907,-0.05027390648908424
E6_battery_40,orchestrated,service_rate,4,0.9313891544515414,0.030997329678217472,0.025876729729018177,0.03611792962741677,0.03328075008181793
E6_battery_40,orchestrated,wait_mean_min,4,6.852702700580162,-0.4683003501627514,-0.6275307920677603,-0.3090699082577425,-0.06833805151405507
E6_battery_40,orchestrated,wait_p95_min,4,9.818309850400546,-0.09101066156197746,-0.11674709865994429,-0.06527422446401063,-0.009269483541331159
E6_battery_40,orchestrated,queue_wait_mean_min,4,5.500699172452984,12.416656509765113,9.918625984255339,14.914687035274888,2.257286959437199
E6_battery_40,orchestrated,energy_cost_usd_per_day,4,543.8175957055702,-84.35496986376711,-105.63732653971024,-63.072613187823976,-0.15511629364313173
E6_battery_40,orchestrated,avg_price_usd_mwh,4,35.97968421738328,-7.125806499265012,-8.87927677763027,-5.372336220899754,-0.19805083491595069
E6_battery_40,orchestrated,peak_charging_mw,4,3.1787944150559393,0.40360287641171655,0.2965226266288996,0.5106831261945335,0.12696727869537738
E6_battery_40,orchestrated,empty_km_share,4,0.3145290441975091,0.012956432883194369,0.011796288639241165,0.014116577127147572,0.04119312070607493
E6_battery_40,orchestrated,sessions_per_vehicle_day,4,1.0282467532467532,0.3350649350649352,0.3097552935657447,0.36037457656412564,0.32586043574360607
E6_battery_40,orchestrated,grid_mwh_per_day,4,15.116730308354933,0.8069428609142641,0.5548581316283141,1.0590275902002142,0.053380780397218
E6_battery_60,orchestrated,service_rate,4,0.9291103103387989,0.03734093927966109,0.025930487846391813,0.048751390712930366,0.0401899955948662
E6_battery_60,orchestrated,wait_mean_min,4,6.9532622791227885,-0.5684752289231052,-0.7116088594770953,-0.4253415983691151,-0.08175662100794838
E6_battery_60,orchestrated,wait_p95_min,4,9.826766605442547,-0.10053437913803265,-0.12247968355082471,-0.07858907472524058,-0.010230667235177007
E6_battery_60,orchestrated,queue_wait_mean_min,4,0.9052509125796091,-0.885784768078016,-1.7008122526950156,-0.07075728346101628,-0.9784964099664675
E6_battery_60,orchestrated,energy_cost_usd_per_day,4,524.3077876523653,-58.12264868977934,-63.1274380197519,-53.11785935980678,-0.11085597059320569
E6_battery_60,orchestrated,avg_price_usd_mwh,4,33.3691095279122,-4.451423602565531,-4.610996707217981,-4.291850497913081,-0.1333995322482926
E6_battery_60,orchestrated,peak_charging_mw,4,4.165048652707787,-0.5321428693910473,-1.6079808962021824,0.5436951574200879,-0.12776390236044177
E6_battery_60,orchestrated,empty_km_share,4,0.31121276119006325,0.013666713578172632,0.012199859348771968,0.015133567807573295,0.04391437396690209
E6_battery_60,orchestrated,sessions_per_vehicle_day,4,0.7188961038961039,0.3776623376623377,0.3578409398543771,0.3974837354702983,0.5253364646373408
E6_battery_60,orchestrated,grid_mwh_per_day,4,15.712400396169045,0.40871089148255013,0.26324993299395605,0.5541718499711442,0.026011995696227353
E6_battery_75,orchestrated,service_rate,4,0.9181627785721815,0.04796974500981313,0.03325100468677993,0.06268848533284634,0.05224536011404211
E6_battery_75,orchestrated,wait_mean_min,4,7.090578343801241,-0.698448726350134,-0.8671745117795855,-0.5297229409206825,-0.09850377394965747
E6_battery_75,orchestrated,wait_p95_min,4,9.840108528669504,-0.11032302010551609,-0.13688861782195552,-0.08375742238907664,-0.011211565378988054
E6_battery_75,orchestrated,queue_wait_mean_min,4,0.660084287244737,-0.6552760536132916,-1.4983436602717646,0.18779155304518147,-0.9927157277875595
E6_battery_75,orchestrated,energy_cost_usd_per_day,4,524.6956055184148,-64.72875955756832,-75.52271087859624,-53.934808236540405,-0.12336440190615736
E6_battery_75,orchestrated,avg_price_usd_mwh,4,33.59669696435761,-5.1395114136502755,-5.6130573839094176,-4.6659654433911335,-0.15297668753278723
E6_battery_75,orchestrated,peak_charging_mw,4,4.413162091861912,-0.34955504522379865,-1.6288823009856,0.9297722105380025,-0.07920738870398515
E6_battery_75,orchestrated,empty_km_share,4,0.3095704191158135,0.015468586318023739,0.014492523239039642,0.016444649397007835,0.04996790831050553
E6_battery_75,orchestrated,sessions_per_vehicle_day,4,0.5729870129870129,0.5222727272727272,0.508899802036974,0.5356456525084804,0.91149138712602
E6_battery_75,orchestrated,grid_mwh_per_day,4,15.617069024267659,0.5464554498407996,0.41077411500735894,0.6821367846742403,0.034990909561304503
E7_full_scale,orchestrated,service_rate,1,0.9401668470890294,0.03351563369833643,,,0.03564860194986503
E7_full_scale,orchestrated,wait_mean_min,1,6.946221040539942,-0.698027396156677,,,-0.10049023664562481
E7_full_scale,orchestrated,wait_p95_min,1,9.901532980986037,-0.10036326211988822,,,-0.01013613369895513
E7_full_scale,orchestrated,queue_wait_mean_min,1,12.486072613290547,6.700811569531686,,,0.5366628704689049
E7_full_scale,orchestrated,energy_cost_usd_per_day,1,2714.6399485663997,-483.42749016177777,,,-0.17808162383268383
E7_full_scale,orchestrated,avg_price_usd_mwh,1,35.59095195905214,-7.202783272317131,,,-0.20237680859461213
E7_full_scale,orchestrated,peak_charging_mw,1,15.214884930330895,3.6988039194819162,,,0.24310429795682156
E7_full_scale,orchestrated,empty_km_share,1,0.30488669868051266,0.01252756625213125,,,0.04108925153621984
E7_full_scale,orchestrated,sessions_per_vehicle_day,1,1.0360519480519481,0.3838441558441559,,,0.3704873646209386
E7_full_scale,orchestrated,grid_mwh_per_day,1,76.27331664771509,2.323245287158997,,,0.030459476383981186
