reference,variant,metric,variant_mean,diff_mean,diff_sd,n_seeds
threshold_80,orchestrated,service_rate,0.9620623023718462,0.03180896215761031,0.0055070501856378734,6
threshold_80,orchestrated,wait_mean_min,6.386132583300383,-0.46684500962222025,0.08405924340334386,6
threshold_80,orchestrated,energy_cost_usd_per_day,457.7212737398917,-88.71034911213972,12.370353960794917,6
threshold_80,orchestrated,avg_price_usd_mwh,28.815874504354436,-7.302775159594563,0.8966712617889767,6
threshold_80,orchestrated,peak_charging_mw,3.5851358291593303,0.41426472385316226,0.05845784127662367,6
threshold_80,orchestrated,queue_wait_mean_min,17.96474914356775,12.355473045090408,1.2256140175124224,6
threshold_80,orchestrated,sessions_per_vehicle_day,1.3596536796536798,0.3305194805194806,0.01429539223538252,6
threshold_80,orch_no_topups,service_rate,0.9514536022793423,0.02120026206510639,0.004433635054608969,6
threshold_80,orch_no_topups,wait_mean_min,6.574496275296468,-0.2784813176261345,0.06340447511567843,6
threshold_80,orch_no_topups,energy_cost_usd_per_day,527.714248119116,-18.71737473291546,11.980417506419364,6
threshold_80,orch_no_topups,avg_price_usd_mwh,34.379082630009826,-1.7395670339391718,0.896655278510743,6
threshold_80,orch_no_topups,peak_charging_mw,3.6020655523594716,0.43119444705330356,0.14303196953623598,6
threshold_80,orch_no_topups,queue_wait_mean_min,4.314086539139946,-1.2951895593373968,2.407487362230682,6
threshold_80,orch_no_topups,sessions_per_vehicle_day,1.215064935064935,0.18593073593073592,0.0060657368510684834,6
threshold_80,orch_no_scarce_trigger,service_rate,0.9592469921732311,0.028993651958995153,0.005314671460535213,6
threshold_80,orch_no_scarce_trigger,wait_mean_min,6.350456620939947,-0.5025209719826567,0.07374946046838106,6
threshold_80,orch_no_scarce_trigger,energy_cost_usd_per_day,480.6654804491175,-65.76614240291384,12.3925852425855,6
threshold_80,orch_no_scarce_trigger,avg_price_usd_mwh,30.251585246086307,-5.867064417862687,0.8708906719695796,6
threshold_80,orch_no_scarce_trigger,peak_charging_mw,3.4298594669047286,0.2589883615985607,0.09761242675399914,6
threshold_80,orch_no_scarce_trigger,queue_wait_mean_min,2.417307832280093,-3.1919682661972497,2.0275206445788556,6
threshold_80,orch_no_scarce_trigger,sessions_per_vehicle_day,1.5619913419913418,0.5328571428571428,0.020248248489059095,6
threshold_80,orch_no_preemption,service_rate,0.9580488776148113,0.027795537400575554,0.005235313108222461,6
threshold_80,orch_no_preemption,wait_mean_min,6.411321507232994,-0.44165608568960835,0.07640444068518369,6
threshold_80,orch_no_preemption,energy_cost_usd_per_day,450.6780140772844,-95.75360877474698,10.953400687534689,6
threshold_80,orch_no_preemption,avg_price_usd_mwh,28.496914237286763,-7.621735426662231,0.8419278816390489,6
threshold_80,orch_no_preemption,peak_charging_mw,3.6196315627628253,0.4487604574566572,0.04066041871573373,6
threshold_80,orch_no_preemption,queue_wait_mean_min,30.784419144182078,25.175143045704733,2.0697991843808445,6
threshold_80,orch_no_preemption,sessions_per_vehicle_day,1.2348051948051946,0.2056709956709956,0.008461979960497377,6
threshold_80,orch_no_price_signal,service_rate,0.9614967858688299,0.031243445654594176,0.00554854361614697,6
threshold_80,orch_no_price_signal,wait_mean_min,6.39852571985467,-0.4544518730679332,0.08141188060193202,6
threshold_80,orch_no_price_signal,energy_cost_usd_per_day,458.2339373186788,-88.19768553335257,12.250849676416571,6
threshold_80,orch_no_price_signal,avg_price_usd_mwh,28.862849776863204,-7.255799887085789,0.9004508439170416,6
threshold_80,orch_no_price_signal,peak_charging_mw,3.630103186975591,0.45923208166942314,0.06657554121294744,6
threshold_80,orch_no_price_signal,queue_wait_mean_min,20.757701446415645,15.1484253479383,1.3889817582708508,6
threshold_80,orch_no_price_signal,sessions_per_vehicle_day,1.331341991341991,0.30220779220779215,0.01752024586045996,6
threshold_80,orch_no_reserve,service_rate,0.9617306573337845,0.03147731711954865,0.005051667838137451,6
threshold_80,orch_no_reserve,wait_mean_min,6.383438690283453,-0.46953890263914966,0.07877482866779878,6
threshold_80,orch_no_reserve,energy_cost_usd_per_day,452.59093217297203,-93.84069067905938,11.202693270718665,6
threshold_80,orch_no_reserve,avg_price_usd_mwh,28.59525949685809,-7.523390167090905,0.8406750770479873,6
threshold_80,orch_no_reserve,peak_charging_mw,3.727278959046167,0.5564078537399988,0.08520057453683087,6
threshold_80,orch_no_reserve,queue_wait_mean_min,17.483242020581542,11.8739659221042,1.4967804913599048,6
threshold_80,orch_no_reserve,sessions_per_vehicle_day,1.4147186147186146,0.3855844155844155,0.014174061910190104,6
threshold_80,orch_topups_only,service_rate,0.9444142308765966,0.014160890662360795,0.0057084599426462145,6
threshold_80,orch_topups_only,wait_mean_min,6.384586642073571,-0.4683909508490318,0.07975941724269288,6
threshold_80,orch_topups_only,energy_cost_usd_per_day,465.32557567014055,-81.10604718189079,9.960677120102709,6
threshold_80,orch_topups_only,avg_price_usd_mwh,29.807165470476594,-6.311484193472399,0.8131465597707603,6
threshold_80,orch_topups_only,peak_charging_mw,3.239725876602691,0.06885477129652291,0.07301710681926445,6
threshold_80,orch_topups_only,queue_wait_mean_min,18.899453862896916,13.290177764419573,1.9132937186991823,6
threshold_80,orch_topups_only,sessions_per_vehicle_day,1.3803030303030301,0.3511688311688312,0.007627700713964755,6
orchestrated,threshold_80,service_rate,0.9302533402142359,-0.03180896215761031,0.0055070501856378734,6
orchestrated,threshold_80,wait_mean_min,6.852977592922603,0.46684500962222025,0.08405924340334386,6
orchestrated,threshold_80,energy_cost_usd_per_day,546.4316228520314,88.71034911213972,12.370353960794917,6
orchestrated,threshold_80,avg_price_usd_mwh,36.11864966394899,7.302775159594563,0.8966712617889767,6
orchestrated,threshold_80,peak_charging_mw,3.170871105306168,-0.41426472385316226,0.05845784127662367,6
orchestrated,threshold_80,queue_wait_mean_min,5.609276098477342,-12.355473045090408,1.2256140175124224,6
orchestrated,threshold_80,sessions_per_vehicle_day,1.0291341991341991,-0.3305194805194806,0.01429539223538252,6
orchestrated,orch_no_topups,service_rate,0.9514536022793423,-0.01060870009250392,0.002399655086416193,6
orchestrated,orch_no_topups,wait_mean_min,6.574496275296468,0.18836369199608574,0.04365921194417274,6
orchestrated,orch_no_topups,energy_cost_usd_per_day,527.714248119116,69.99297437922426,5.3440861330844465,6
orchestrated,orch_no_topups,avg_price_usd_mwh,34.379082630009826,5.5632081256553905,0.05573955407730941,6
orchestrated,orch_no_topups,peak_charging_mw,3.6020655523594716,0.0169297232001413,0.1487656350878233,6
orchestrated,orch_no_topups,queue_wait_mean_min,4.314086539139946,-13.650662604427806,1.7987650142854068,6
orchestrated,orch_no_topups,sessions_per_vehicle_day,1.215064935064935,-0.14458874458874468,0.015342421304793708,6
orchestrated,orch_no_scarce_trigger,service_rate,0.9592469921732311,-0.0028153101986151583,0.0006188796940286945,6
orchestrated,orch_no_scarce_trigger,wait_mean_min,6.350456620939947,-0.03567596236043643,0.015650711074338214,6
orchestrated,orch_no_scarce_trigger,energy_cost_usd_per_day,480.6654804491175,22.94420670922588,1.0256003769022928,6
orchestrated,orch_no_scarce_trigger,avg_price_usd_mwh,30.251585246086307,1.435710741731875,0.06207562024540066,6
orchestrated,orch_no_scarce_trigger,peak_charging_mw,3.4298594669047286,-0.15527636225460154,0.08153939443163495,6
orchestrated,orch_no_scarce_trigger,queue_wait_mean_min,2.417307832280093,-15.547441311287656,1.319539648563825,6
orchestrated,orch_no_scarce_trigger,sessions_per_vehicle_day,1.5619913419913418,0.20233766233766218,0.010491706159049895,6
orchestrated,orch_no_preemption,service_rate,0.9580488776148113,-0.004013424757034756,0.0006125813822975412,6
orchestrated,orch_no_preemption,wait_mean_min,6.411321507232994,0.02518892393261189,0.01451039946350727,6
orchestrated,orch_no_preemption,energy_cost_usd_per_day,450.6780140772844,-7.043259662607265,1.4923967588137377,6
orchestrated,orch_no_preemption,avg_price_usd_mwh,28.496914237286763,-0.3189602670676699,0.07458656334458327,6
orchestrated,orch_no_preemption,peak_charging_mw,3.6196315627628253,0.03449573360349493,0.06159229106425231,6
orchestrated,orch_no_preemption,queue_wait_mean_min,30.784419144182078,12.819670000614328,1.1006160608230924,6
orchestrated,orch_no_preemption,sessions_per_vehicle_day,1.2348051948051946,-0.12484848484848499,0.007253530632711232,6
orchestrated,orch_no_price_signal,service_rate,0.9614967858688299,-0.0005655165030161354,0.0005338272997828518,6
orchestrated,orch_no_price_signal,wait_mean_min,6.39852571985467,0.012393136554287013,0.010367555134789815,6
orchestrated,orch_no_price_signal,energy_cost_usd_per_day,458.2339373186788,0.5126635787871408,2.2357449089747745,6
orchestrated,orch_no_price_signal,avg_price_usd_mwh,28.862849776863204,0.04697527250877265,0.07915265244386079,6
orchestrated,orch_no_price_signal,peak_charging_mw,3.630103186975591,0.0449673578162609,0.09418963922964863,6
orchestrated,orch_no_price_signal,queue_wait_mean_min,20.757701446415645,2.7929523028478918,0.9570032935696625,6
orchestrated,orch_no_price_signal,sessions_per_vehicle_day,1.331341991341991,-0.028311688311688437,0.0068916878760632225,6
orchestrated,orch_no_reserve,service_rate,0.9617306573337845,-0.00033164503806165646,0.0006066856949936678,6
orchestrated,orch_no_reserve,wait_mean_min,6.383438690283453,-0.0026938930169294237,0.0138058747516552,6
orchestrated,orch_no_reserve,energy_cost_usd_per_day,452.59093217297203,-5.130341566919658,1.8552424574317559,6
orchestrated,orch_no_reserve,avg_price_usd_mwh,28.59525949685809,-0.22061500749634178,0.08668590164377818,6
orchestrated,orch_no_reserve,peak_charging_mw,3.727278959046167,0.14214312988683653,0.1189067539371665,6
orchestrated,orch_no_reserve,queue_wait_mean_min,17.483242020581542,-0.48150712298621023,0.9582692871224956,6
orchestrated,orch_no_reserve,sessions_per_vehicle_day,1.4147186147186146,0.05506493506493493,0.0069229428567097046,6
orchestrated,orch_topups_only,service_rate,0.9444142308765966,-0.017648071495249513,0.0007342957370165313,6
orchestrated,orch_topups_only,wait_mean_min,6.384586642073571,-0.001545941226811583,0.00902959208668339,6
orchestrated,orch_topups_only,energy_cost_usd_per_day,465.32557567014055,7.604301930248927,2.9851295489407907,6
orchestrated,orch_topups_only,avg_price_usd_mwh,29.807165470476594,0.9912909661221629,0.12623109939268268,6
orchestrated,orch_topups_only,peak_charging_mw,3.239725876602691,-0.34540995255663937,0.10558211039537911,6
orchestrated,orch_topups_only,queue_wait_mean_min,18.899453862896916,0.9347047193291633,1.0484055041659106,6
orchestrated,orch_topups_only,sessions_per_vehicle_day,1.3803030303030301,0.020649350649350584,0.013649344470941517,6
